transaction_id,step,type,amount,fraud_probability,expected_loss,risk_band,rank,isFraud
demo-011612,348,CASH_OUT,3031.45,0.3782008156557647,1146.4968626196678,guarded,1,1
demo-010274,306,CASH_OUT,4771.87,0.23951951256692924,1142.9559764327525,guarded,2,0
demo-010322,307,CASH_OUT,3780.52,0.27141472779285486,1026.0888067154438,guarded,3,0
demo-010276,306,CASH_OUT,5768.83,0.14339802930623968,827.2388534027147,guarded,4,0
demo-011024,330,CASH_OUT,4210.22,0.18240748261105522,767.975631438717,guarded,5,0
demo-011902,357,TRANSFER,4874.63,0.13594276313643908,662.67067146778,guarded,6,1
demo-010959,328,CASH_OUT,4973.46,0.1315576888443498,654.2969031598199,guarded,7,0
demo-011484,345,TRANSFER,4041.15,0.1441318627979451,582.4584773459159,guarded,8,0
demo-011689,351,CASH_OUT,6700.6,0.07980742827254766,534.757653883033,low,9,0
demo-010514,313,CASH_OUT,3427.36,0.14741278549003234,505.23668447711725,guarded,10,0
demo-011770,353,TRANSFER,3645.57,0.13039213205215566,475.3536448453771,guarded,11,1
demo-010814,323,TRANSFER,1630.12,0.27851623489406785,454.01488482551787,guarded,12,0
demo-011222,335,CASH_OUT,1930.38,0.229348531490443,442.72981821852136,guarded,13,0
demo-010898,326,TRANSFER,1678.31,0.24687527907528065,414.33324962483425,guarded,14,1
demo-011614,348,CASH_OUT,2645.57,0.15402843315639836,407.49300190557284,guarded,15,0
demo-011216,335,CASH_OUT,2491.87,0.15879194984882028,395.6888960697798,guarded,16,0
demo-011710,351,TRANSFER,3678.4,0.10425079775538738,383.47613446341694,guarded,17,0
demo-010393,309,TRANSFER,2887.78,0.1313039135702515,379.1768155299009,guarded,18,0
demo-010979,329,TRANSFER,1400.55,0.26494199640457144,371.0645130644225,guarded,19,0
demo-011542,346,CASH_OUT,1947.9,0.17198041527058627,335.000650905575,guarded,20,1
demo-010462,312,CASH_OUT,1749.26,0.18764968952898206,328.24809590546715,guarded,21,0
demo-010885,326,CASH_OUT,1360.27,0.2246087628975749,305.5285619066842,guarded,22,1
demo-010926,327,TRANSFER,1444.47,0.2038115808245769,294.3997141536766,guarded,23,0
demo-010775,322,TRANSFER,806.98,0.3600913267031256,290.5864988228883,guarded,24,0
demo-011808,354,CASH_OUT,1091.99,0.2645355643653703,288.8701909313407,guarded,25,0
demo-011258,336,CASH_OUT,2440.57,0.11466163370577562,279.8397433733048,guarded,26,0
demo-010564,315,TRANSFER,1928.62,0.1348719804037303,260.1167988462423,guarded,27,0
demo-011319,338,TRANSFER,2774.07,0.09068455127438406,251.5652931537306,low,28,1
demo-010330,308,CASH_OUT,2178.18,0.11515951625469864,250.83815511565948,guarded,29,0
demo-011777,354,CASH_OUT,2525.09,0.0972026175209308,245.44535747592718,low,30,0
demo-011601,348,CASH_OUT,2913.24,0.08149896041927825,237.42603145185814,low,31,0
demo-010728,320,TRANSFER,3314.46,0.07142877026831923,236.74780190353337,low,32,0
demo-010880,325,CASH_OUT,1377.09,0.1622200607602502,223.39162347233292,guarded,33,0
demo-011768,353,CASH_OUT,1137.37,0.18209323255294435,207.1073799087423,guarded,34,0
demo-011067,331,CASH_OUT,1261.98,0.16323165547789953,205.99508457999966,guarded,35,0
demo-011501,345,TRANSFER,1223.08,0.16423603181507132,200.87380579237742,guarded,36,0
demo-011695,351,TRANSFER,801.77,0.24907110424682352,199.6977392519757,guarded,37,0
demo-011204,335,CASH_OUT,2768.68,0.07139430428852554,197.66798239755488,low,38,0
demo-010873,325,TRANSFER,850.3,0.23159502166718868,196.92524692361053,guarded,39,0
demo-011322,338,TRANSFER,3363.65,0.05809229231788679,195.4021390550599,low,40,0
demo-010444,311,CASH_OUT,956.9,0.20007725560591694,191.4539258893019,guarded,41,0
demo-011387,341,PAYMENT,813.02,0.22985201097310523,186.874281961354,guarded,42,0
demo-011140,333,TRANSFER,1060.22,0.1738557685085813,184.3253628881681,guarded,43,0
demo-011118,332,TRANSFER,810.64,0.22075367961116993,178.9517628399988,guarded,44,0
demo-011580,347,CASH_OUT,1860.99,0.09443742666544977,175.74710665013538,low,45,1
demo-011654,349,CASH_OUT,1344.3,0.12732959269946706,171.16917146589356,guarded,46,0
demo-010928,327,CASH_OUT,1186.46,0.14409323319793568,170.96085746002277,guarded,47,0
demo-010765,321,TRANSFER,746.29,0.22493867574914092,167.86948432482637,guarded,48,0
demo-011332,338,CASH_OUT,1047.61,0.15961900235079918,167.21846305272072,guarded,49,1
demo-010543,314,TRANSFER,2207.19,0.07116754926566868,157.08030306369125,low,50,0
demo-011206,335,TRANSFER,1341.12,0.11635681488415227,156.04845157743426,guarded,51,0
demo-011452,343,TRANSFER,2495.31,0.06250746304279542,155.97549760531783,low,52,0
demo-011592,348,CASH_OUT,737.9,0.2105496411095375,155.3645801747277,guarded,53,0
demo-011057,331,TRANSFER,1329.42,0.11617937019427571,154.45117832367401,guarded,54,0
demo-010929,327,CASH_OUT,964.76,0.15656948670296583,151.05197799155331,guarded,55,0
demo-011291,337,CASH_OUT,659.95,0.22825039737150649,150.6338497453257,guarded,56,0
demo-011324,338,CASH_OUT,830.98,0.18102153871932586,150.4252782449854,guarded,57,0
demo-011276,337,TRANSFER,611.83,0.24564810868890394,150.2948823391321,guarded,58,0
demo-011936,358,CASH_OUT,2060.46,0.07276297392479861,149.92519725309054,low,59,0
demo-011734,352,TRANSFER,1190.84,0.125500568716034,149.4510972498019,guarded,60,0
demo-011909,357,TRANSFER,819.83,0.17333422677565313,142.10459913748372,guarded,61,0
demo-010861,325,TRANSFER,677.78,0.20921239291560587,141.79997567033934,guarded,62,0
demo-011091,332,TRANSFER,640.54,0.21671266188052846,138.81312844095368,guarded,63,0
demo-011342,339,CASH_OUT,924.29,0.14649941473422465,135.4079440446965,guarded,64,0
demo-011877,356,TRANSFER,639.98,0.21087527211130178,134.9559566457909,guarded,65,0
demo-011274,337,CASH_OUT,1131.09,0.11712542334337797,132.47939508946138,guarded,66,0
demo-011634,349,TRANSFER,776.52,0.1701461241574866,132.1218683307715,guarded,67,1
demo-011972,359,CASH_OUT,918.35,0.1429723782354749,131.29868355254837,guarded,68,0
demo-010352,308,CASH_OUT,1209.72,0.1081904814029202,130.88018916274063,guarded,69,0
demo-010770,321,TRANSFER,1201.21,0.10564326988543996,126.89975221908934,guarded,70,0
demo-010925,327,TRANSFER,690.02,0.179590339922018,123.92092635299086,guarded,71,0
demo-010810,323,TRANSFER,854.85,0.14486186191353292,123.83516265678362,guarded,72,0
demo-011053,331,CASH_OUT,1057.59,0.11607149521817896,122.75605262779388,guarded,73,0
demo-011356,339,PAYMENT,870.56,0.1407935534874372,122.56923592402332,guarded,74,0
demo-011359,340,TRANSFER,666.89,0.18309839779105916,122.10649050287944,guarded,75,1
demo-011783,354,TRANSFER,1775.41,0.06733203575689709,119.54196960315267,low,76,0
demo-011178,334,TRANSFER,925.83,0.1269445573971857,117.52907957503643,guarded,77,1
demo-011447,343,CASH_OUT,1658.04,0.07049617772590323,116.8854825166566,low,78,0
demo-010915,327,PAYMENT,780.64,0.14649679020118844,114.36125430265574,guarded,79,0
demo-010628,317,CASH_OUT,1051.45,0.10789319420434258,113.44429904615602,guarded,80,0
demo-011389,341,TRANSFER,3015.1,0.037491350026296257,113.04016946428584,low,81,0
demo-010653,317,PAYMENT,759.44,0.14792584735487246,112.34080551518436,guarded,82,0
demo-010802,322,CASH_OUT,3346.6,0.03316578081339791,110.99260207011744,low,83,0
demo-011186,334,CASH_OUT,1022.18,0.1078020913025118,110.1931416876015,guarded,84,1
demo-010461,312,TRANSFER,1226.08,0.08954317440479663,109.78709527423304,low,85,0
demo-010547,314,PAYMENT,901.08,0.12129138001098318,109.29323670029673,guarded,86,0
demo-010737,320,TRANSFER,2504.49,0.04317520127976256,108.13185985315252,low,87,0
demo-011187,334,TRANSFER,645.24,0.16730137788016944,107.94954106340053,guarded,88,0
demo-010467,312,TRANSFER,2061.56,0.051647376289031224,106.47416506241521,low,89,0
demo-010290,306,CASH_OUT,652.95,0.15984176734693037,104.36868198917819,guarded,90,0
demo-010878,325,CASH_OUT,724.96,0.14375519550568303,104.21676653379997,guarded,91,0
demo-010820,323,CASH_OUT,1288.04,0.08047040455677866,103.64909988531318,low,92,0
demo-011551,346,CASH_OUT,726.46,0.1425234362832238,103.53757552231077,guarded,93,0
demo-011543,346,CASH_OUT,683.97,0.15114431905248737,103.37817990232979,guarded,94,0
demo-011045,330,TRANSFER,839.11,0.122219184566831,102.55533996187356,guarded,95,0
demo-011376,340,TRANSFER,927.09,0.11059717142864091,102.5335316597787,guarded,96,0
demo-011311,338,CASH_OUT,913.75,0.11188355753242905,102.23360069525705,guarded,97,0
demo-010887,326,TRANSFER,1304.35,0.07811643841179025,101.89117644241861,low,98,0
demo-011454,343,CASH_OUT,952.39,0.10462508404675032,99.64388379528454,guarded,99,1
demo-011350,339,CASH_OUT,1249.31,0.07940666970887032,99.20354653398878,low,100,0
demo-011980,359,TRANSFER,706.64,0.13904700428099737,98.25617510512397,guarded,101,0
demo-010897,326,TRANSFER,905.52,0.10658464756882684,96.51453006652407,guarded,102,0
demo-010942,328,CASH_OUT,1278.76,0.0748493003550239,95.71429132199037,low,103,0
demo-010533,314,TRANSFER,449.99,0.20395773115385235,91.77893944192202,guarded,104,0
demo-011566,346,CASH_OUT,991.41,0.09079854439006096,90.01858489375034,low,105,0
demo-010391,309,TRANSFER,1471.11,0.05819871197716398,85.6167071767257,low,106,1
demo-011315,338,TRANSFER,572.72,0.1483191069274328,84.94531891947932,guarded,107,1
demo-010556,315,CASH_OUT,1379.98,0.06121572128742072,84.47647106221484,low,108,0
demo-011413,342,CASH_OUT,676.89,0.1218233629693845,82.46101616034667,guarded,109,0
demo-011782,354,CASH_OUT,996.59,0.08180344467348967,81.52449492715307,low,110,0
demo-010480,312,PAYMENT,844.77,0.0962798525371139,81.33433102777771,low,111,0
demo-011438,343,CASH_OUT,916.44,0.0885269815310668,81.12966695433087,low,112,0
demo-011949,358,TRANSFER,670.81,0.11746929969572725,78.79958092889079,guarded,113,0
demo-010558,315,CASH_OUT,711.2,0.10787620383157344,76.72155616501503,guarded,114,0
demo-011135,333,TRANSFER,617.08,0.11877291073846337,73.29238775849097,guarded,115,0
demo-011617,348,CASH_OUT,1072.59,0.06663426207029063,71.47124315397302,low,116,0
demo-011961,359,TRANSFER,1081.93,0.06600343967534239,71.4111014879432,low,117,0
demo-011355,339,TRANSFER,880.06,0.08109001564296237,71.36407916674546,low,118,0
demo-011450,343,CASH_OUT,664.37,0.10735984716711555,71.32666166241656,guarded,119,0
demo-010377,309,CASH_OUT,903.07,0.07415681662814327,66.96879639237736,low,120,0
demo-010750,321,CASH_OUT,869.35,0.07583139998679228,65.92402757851787,low,121,0
demo-010534,314,CASH_OUT,1014.24,0.06336708547682883,64.26943277401887,low,122,0
demo-011252,336,TRANSFER,633.24,0.10116622549107492,64.06250062996828,guarded,123,0
demo-011432,342,CASH_OUT,1152.89,0.05469462753941829,63.05688914391996,low,124,0
demo-011960,359,PAYMENT,2493.48,0.025258697533199405,62.98205712508205,low,125,0
demo-011608,348,PAYMENT,809.67,0.07525072592862825,60.92825526263243,low,126,0
demo-010626,317,CASH_OUT,738.67,0.07286446392814463,53.82279356980259,low,127,0
demo-011790,354,TRANSFER,946.21,0.05673999099967704,53.687946883804415,low,128,0
demo-010844,324,PAYMENT,956.61,0.056031558654748896,53.60034932471934,low,129,0
demo-010962,328,CASH_OUT,693.37,0.07680460700889717,53.25401036175903,low,130,0
demo-011506,345,PAYMENT,869.23,0.05447211244076652,47.34879429688748,low,131,0
demo-011251,336,TRANSFER,361.53,0.13067288174464503,47.24216693714151,guarded,132,0
demo-011586,347,PAYMENT,994.03,0.047006577142048964,46.72594787651093,low,133,0
demo-010736,320,PAYMENT,808.69,0.05656236062208486,45.74141541147381,low,134,0
demo-011408,341,TRANSFER,585.4,0.07649414570649056,44.77967289657957,low,135,0
demo-011386,341,PAYMENT,962.33,0.04646551345958422,44.71515756756168,low,136,0
demo-011810,355,TRANSFER,622.21,0.0708452112291842,44.080598878910706,low,137,0
demo-010821,323,TRANSFER,536.09,0.07950840270998176,42.62365960879412,low,138,1
demo-011632,349,CASH_OUT,631.11,0.06469242916689598,40.828038971519724,low,139,0
demo-010328,308,CASH_OUT,389.33,0.10485195957714283,40.822013422169015,guarded,140,0
demo-010296,307,CASH_OUT,468.02,0.08258079905576787,38.64946557408048,low,141,0
demo-011254,336,PAYMENT,1719.32,0.022438524255419832,38.57900352282842,low,142,0
demo-010713,319,PAYMENT,3359.15,0.011351739929737262,38.132197184976924,low,143,0
demo-011940,358,PAYMENT,1070.99,0.03551469791345159,38.03588631832752,low,144,0
demo-010584,316,TRANSFER,318.0,0.1193623324968383,37.95722173399458,guarded,145,0
demo-010488,312,PAYMENT,1923.49,0.019618784015064058,37.73653486513557,low,146,0
demo-011762,353,TRANSFER,378.48,0.0993021172680629,37.583865343616445,low,147,0
demo-011924,358,TRANSFER,544.04,0.06783952483905158,36.90741509343762,low,148,0
demo-011005,329,CASH_OUT,1002.36,0.03647792018719439,36.56400807883617,low,149,0
demo-010893,326,CASH_OUT,303.16,0.11828120408401588,35.85812983011026,guarded,150,0
demo-010864,325,TRANSFER,342.38,0.10159943844765613,34.785615735708504,guarded,151,0
demo-010716,319,PAYMENT,690.36,0.05017548663341688,34.63914895224568,low,152,0
demo-010904,327,CASH_OUT,583.35,0.05926519259902523,34.57235010264137,low,153,0
demo-011167,334,CASH_OUT,792.92,0.04349705407031444,34.489684113433725,low,154,0
demo-011597,348,TRANSFER,366.34,0.09392974473193688,34.41022268509776,low,155,0
demo-010264,306,TRANSFER,637.28,0.053714660797006805,34.23127903271649,low,156,0
demo-011829,355,DEBIT,1413.72,0.024174216784321054,34.175573752330365,low,157,0
demo-011199,335,TRANSFER,595.59,0.05726983829016587,34.10934298723989,low,158,0
demo-010762,321,CASH_OUT,609.9,0.055114264524695436,33.61418993361175,low,159,0
demo-011242,336,CASH_OUT,338.42,0.09916954030916642,33.5609558314281,low,160,0
demo-010772,321,TRANSFER,186.53,0.1783308294463942,33.26404961663591,guarded,161,0
demo-010262,306,TRANSFER,514.89,0.0633858777531752,32.63675459633237,low,162,0
demo-011627,349,TRANSFER,515.3,0.062259211146669456,32.08217150387877,low,163,0
demo-011775,353,CASH_OUT,568.12,0.05585248253527604,31.730912377941024,low,164,0
demo-011727,352,TRANSFER,262.38,0.11795633432393483,30.94938299991402,guarded,165,0
demo-011169,334,CASH_OUT,696.68,0.044101959905197885,30.72495342675326,low,166,1
demo-011547,346,PAYMENT,934.65,0.032611704054865714,30.48052919488024,low,167,0
demo-010550,315,CASH_OUT,575.23,0.05252047465897415,30.211352638081703,low,168,0
demo-011639,349,TRANSFER,344.84,0.08695515210408458,29.985614651572526,low,169,0
demo-010955,328,CASH_OUT,530.18,0.056381980532326306,29.89259843862876,low,170,0
demo-011987,359,CASH_OUT,463.95,0.06391947640108483,29.65544107628331,low,171,0
demo-011313,338,TRANSFER,187.96,0.15774755228141374,29.65022992681453,guarded,172,0
demo-010298,307,CASH_OUT,445.79,0.06648060113446407,29.636387179732736,low,173,0
demo-011225,335,CASH_OUT,353.07,0.08218585818940788,29.01736095093424,low,174,0
demo-011664,350,CASH_OUT,480.97,0.059902832507493224,28.81146535112902,low,175,0
demo-010396,309,DEBIT,1674.45,0.016945254691311938,28.373981717867277,low,176,0
demo-010811,323,TRANSFER,381.82,0.07272333286270266,27.76722295363713,low,177,0
demo-010845,324,CASH_OUT,535.22,0.0515041749274871,27.56606450468965,low,178,0
demo-010977,329,PAYMENT,1583.46,0.017296649904963882,27.38855325851411,low,179,0
demo-010933,327,PAYMENT,810.54,0.033508238521016816,27.159767650824968,low,180,0
demo-011292,337,TRANSFER,402.7,0.06743285856226593,27.15521214302449,low,181,0
demo-011950,358,TRANSFER,415.23,0.06521149782666368,27.07777024256556,low,182,0
demo-010949,328,CASH_OUT,618.66,0.04372092005256221,27.048384399718135,low,183,0
demo-011283,337,CASH_IN,911.36,0.029598994075698958,26.975339240829,low,184,0
demo-010948,328,CASH_OUT,422.12,0.06325657328621102,26.701864715575397,low,185,0
demo-011712,351,TRANSFER,510.62,0.051996395928798886,26.55039968916329,low,186,0
demo-011623,349,PAYMENT,340.74,0.07785641951977874,26.52879638716941,low,187,0
demo-011716,352,PAYMENT,691.38,0.03836782711362719,26.526748309819567,low,188,0
demo-010405,310,CASH_OUT,603.46,0.043586729758958304,26.30284794034098,low,189,0
demo-011975,359,TRANSFER,496.2,0.05204359567737289,25.82403217511243,low,190,0
demo-011828,355,PAYMENT,680.97,0.037853254919025144,25.776931002208553,low,191,0
demo-010321,307,PAYMENT,991.06,0.025514729387818708,25.286627707091608,low,192,0
demo-010374,309,PAYMENT,997.43,0.024927716929696375,24.863652697187053,low,193,0
demo-011072,331,CASH_IN,823.88,0.029982955985566884,24.702357777388844,low,194,0
demo-010735,320,TRANSFER,437.42,0.05620820295512576,24.58659213663111,low,195,0
demo-011132,333,TRANSFER,411.54,0.059531955508282615,24.49978096987863,low,196,0
demo-010636,317,TRANSFER,227.29,0.10772061504103751,24.483818592677416,guarded,197,0
demo-011758,353,CASH_OUT,613.17,0.03979524901199889,24.40125283668736,low,198,0
demo-011562,346,TRANSFER,368.74,0.06572517291947608,24.23550026232761,low,199,0
demo-011595,348,CASH_OUT,341.14,0.07041190524711945,24.020317356002327,low,200,0
demo-011115,332,PAYMENT,911.36,0.026279858683479325,23.950412009775718,low,201,0
demo-011236,336,PAYMENT,558.24,0.0425769234786348,23.768141762713093,low,202,0
demo-011649,349,PAYMENT,1041.39,0.0225734857521771,23.50780232745971,low,203,0
demo-010671,318,TRANSFER,421.95,0.055534620908662936,23.432833292410326,low,204,0
demo-010769,321,CASH_OUT,532.28,0.044010459004733105,23.425887119039334,low,205,0
demo-010946,328,TRANSFER,501.75,0.04622630048096257,23.19404626632297,low,206,0
demo-011042,330,CASH_OUT,601.92,0.038193055341539946,22.989163871179723,low,207,0
demo-010647,317,CASH_OUT,637.28,0.03604754025489924,22.972376453642184,low,208,0
demo-011668,350,PAYMENT,693.42,0.033095501517054274,22.949082661955774,low,209,0
demo-010950,328,TRANSFER,272.55,0.08390977113914541,22.869608123974082,low,210,0
demo-010521,314,CASH_OUT,337.3,0.06754206355757614,22.78193803797043,low,211,0
demo-011735,352,TRANSFER,559.11,0.040485684534183664,22.63595107990743,low,212,0
demo-011124,333,CASH_OUT,603.98,0.03743378365405545,22.60925665137641,low,213,0
demo-011466,344,CASH_OUT,249.35,0.09065038455243779,22.603673388150362,low,214,0
demo-010427,310,CASH_OUT,570.8,0.03915030749279756,22.346995516888846,low,215,0
demo-011594,348,TRANSFER,321.75,0.0691232316050866,22.240399768936612,low,216,0
demo-011158,334,TRANSFER,445.42,0.04929325018648802,21.956199498065494,low,217,0
demo-011513,345,CASH_OUT,275.29,0.07947198710212043,21.877843329342735,low,218,0
demo-010920,327,CASH_OUT,687.16,0.03171251413935972,21.791571216002424,low,219,1
demo-011806,354,CASH_OUT,512.32,0.042479978626968624,21.763342650168568,low,220,0
demo-010468,312,DEBIT,1198.31,0.018097351808254333,21.686237645349248,low,221,1
demo-010309,307,TRANSFER,279.01,0.07677285970546717,21.420395586422394,low,222,0
demo-010507,313,CASH_OUT,445.55,0.0477090745191683,21.25677815201544,low,223,0
demo-010927,327,CASH_OUT,205.73,0.10276772061132604,21.142403161368104,guarded,224,0
demo-011756,353,DEBIT,1398.31,0.015088046358210113,21.097766103148782,low,225,0
demo-010617,316,TRANSFER,330.96,0.06315484438834242,20.901727298765806,low,226,0
demo-010823,323,TRANSFER,433.14,0.047761163233787096,20.68727024308254,low,227,0
demo-011331,338,CASH_OUT,561.64,0.03669884857685628,20.61154131470556,low,228,0
demo-011455,343,TRANSFER,394.39,0.052093650215455124,20.545214708473345,low,229,0
demo-010842,324,CASH_OUT,496.23,0.04122735813414889,20.458251926908705,low,230,1
demo-011920,358,CASH_OUT,382.65,0.053323062050269356,20.40406969353557,low,231,0
demo-011282,337,TRANSFER,502.93,0.040509123014275526,20.37325323756959,low,232,0
demo-010441,311,TRANSFER,484.82,0.04190739523676393,20.31754335868789,low,233,1
demo-010573,315,CASH_OUT,545.55,0.03716173223852802,20.27358302272896,low,234,0
demo-010449,311,CASH_OUT,346.24,0.057049958461110856,19.752977617575024,low,235,0
demo-011284,337,TRANSFER,191.97,0.10249520607978073,19.676004711135505,guarded,236,0
demo-011060,331,TRANSFER,415.08,0.04718757574383727,19.586618939751975,low,237,0
demo-011253,336,CASH_OUT,576.66,0.03376842035288383,19.472897280693985,low,238,0
demo-011147,333,DEBIT,738.79,0.026232063021436037,19.37998583960673,low,239,0
demo-011036,330,TRANSFER,325.43,0.05939986002976123,19.330496449485196,low,240,0
demo-010498,313,TRANSFER,248.85,0.07736946237100656,19.25339071102498,low,241,0
demo-011645,349,CASH_OUT,176.72,0.10894338628166023,19.252475223694994,guarded,242,0
demo-011262,337,CASH_OUT,276.26,0.06917425612333944,19.110079996633754,low,243,0
demo-010786,322,CASH_OUT,336.4,0.05646600015023066,18.995162450537592,low,244,0
demo-010601,316,CASH_OUT,457.47,0.04147731149829119,18.974625691123272,low,245,0
demo-011552,346,DEBIT,1288.67,0.014708656275197187,18.954604082158358,low,246,0
demo-011898,357,PAYMENT,801.25,0.023639943096642187,18.941504406184553,low,247,0
demo-010649,317,TRANSFER,165.0,0.1132890324469713,18.692690353750265,guarded,248,0
demo-010974,329,TRANSFER,264.81,0.0697392788793118,18.467658440030558,low,249,0
demo-010883,326,CASH_OUT,360.15,0.05073849363584043,18.27346848294793,low,250,0
demo-010497,313,PAYMENT,555.49,0.03284946560355323,18.247549648117783,low,251,0
demo-010607,316,CASH_OUT,405.61,0.04318019161943076,17.514317522757313,low,252,0
demo-011621,348,CASH_OUT,454.09,0.038477050167910115,17.472043710746302,low,253,0
demo-010433,311,TRANSFER,389.91,0.04358689879775191,16.99496771023145,low,254,0
demo-011126,333,CASH_OUT,631.74,0.026842524183155303,16.95749622746653,low,255,0
demo-011304,337,TRANSFER,203.11,0.0821671550711243,16.68897086649606,low,256,0
demo-010597,316,CASH_OUT,373.3,0.044568866117488955,16.637557721658627,low,257,0
demo-011764,353,CASH_OUT,420.17,0.03917856302324135,16.46165682547532,low,258,0
demo-010771,321,TRANSFER,247.63,0.0660144613972666,16.34716107580513,low,259,0
demo-011534,346,CASH_OUT,339.57,0.04806938950035581,16.322922592635823,low,260,0
demo-010659,318,PAYMENT,555.9,0.02933299030153316,16.306209308622282,low,261,0
demo-011686,350,CASH_OUT,247.96,0.06435782700996288,15.958166785390397,low,262,1
demo-011344,339,CASH_IN,1087.4,0.01431577325025021,15.56697183232208,low,263,1
demo-011139,333,CASH_OUT,454.81,0.03416351261668718,15.537907173195496,low,264,0
demo-010291,306,CASH_OUT,338.08,0.04548443063151203,15.377376307901587,low,265,0
demo-011598,348,CASH_OUT,501.07,0.030225168107445983,15.144924983597958,low,266,0
demo-010638,317,CASH_OUT,547.6,0.02738689684546336,14.997064712575737,low,267,0
demo-011382,341,TRANSFER,493.42,0.030034959623285794,14.819849777321677,low,268,1
demo-011336,338,TRANSFER,173.02,0.08555935516603964,14.80347963082818,low,269,1
demo-011720,352,PAYMENT,603.69,0.024514853628099555,14.799371986747422,low,270,0
demo-011424,342,TRANSFER,189.87,0.07717985711151283,14.654139469762942,low,271,0
demo-010472,312,CASH_OUT,393.13,0.037171689487071086,14.613306288052256,low,272,0
demo-010299,307,DEBIT,986.53,0.01458009705488205,14.383703147552788,low,273,0
demo-011526,345,TRANSFER,117.46,0.1223571798684185,14.372074347344435,guarded,274,0
demo-011090,332,CASH_IN,699.31,0.020452286084775572,14.302488181944405,low,275,0
demo-011787,354,CASH_OUT,196.04,0.07141119475105034,13.999450618995908,low,276,0
demo-011346,339,PAYMENT,299.91,0.046537800959419715,13.957151885739568,low,277,0
demo-011363,340,CASH_OUT,331.23,0.04169973680327663,13.812203821349318,low,278,0
demo-010535,314,CASH_OUT,453.44,0.030433631469694748,13.799825853618387,low,279,0
demo-011433,342,CASH_OUT,339.95,0.040270610650494254,13.68999409063552,low,280,0
demo-011751,353,CASH_OUT,530.85,0.02576593083355892,13.677844382994753,low,281,0
demo-011533,346,CASH_OUT,177.64,0.0761516740010173,13.527583369540713,low,282,0
demo-011954,358,TRANSFER,334.92,0.04001370921436114,13.401391490073834,low,283,0
demo-011675,350,CASH_OUT,251.78,0.053218989945145706,13.399477288388786,low,284,0
demo-010967,329,DEBIT,727.69,0.01836533544495777,13.36427094994132,low,285,0
demo-010975,329,CASH_OUT,305.4,0.04331543037116217,13.228532435352927,low,286,0
demo-010315,307,TRANSFER,410.27,0.03210685384287986,13.17247892611832,low,287,0
demo-010565,315,PAYMENT,577.84,0.022722157037602348,13.129771222608142,low,288,0
demo-010930,327,TRANSFER,472.83,0.02774178634768268,13.117148838774801,low,289,0
demo-011507,345,CASH_OUT,439.51,0.02936999701642957,12.90840738869096,low,290,0
demo-011658,349,CASH_OUT,315.18,0.04012294974284083,12.645951299948573,low,291,0
demo-010473,312,TRANSFER,523.27,0.024138226820948086,12.630809948597504,low,292,0
demo-010590,316,TRANSFER,179.0,0.07045468858300383,12.611389256357684,low,293,0
demo-011368,340,PAYMENT,248.44,0.0498454200671917,12.383596161493106,low,294,0
demo-010832,324,CASH_OUT,304.59,0.040587855036460355,12.362654765555458,low,295,0
demo-011194,335,CASH_OUT,237.72,0.05188394195158657,12.333850680731159,low,296,0
demo-010722,319,DEBIT,885.84,0.013888666420391813,12.303136261839883,low,297,0
demo-010640,317,PAYMENT,392.99,0.03112810823244927,12.23303525427024,low,298,0
demo-010313,307,TRANSFER,221.84,0.055018831382297385,12.205377553848852,low,299,0
demo-011030,330,PAYMENT,876.47,0.013912357780159038,12.193764223575993,low,300,0
demo-011660,349,DEBIT,825.95,0.014676033510749845,12.121669878203836,low,301,0
demo-011982,359,TRANSFER,443.46,0.026964400609552335,11.957633094312078,low,302,0
demo-010323,307,PAYMENT,849.84,0.014035325106160191,11.927780688219178,low,303,0
demo-011295,337,TRANSFER,99.93,0.11899660219099968,11.8913304569466,guarded,304,0
demo-011141,333,CASH_IN,445.31,0.026559291005601803,11.82711787770454,low,305,0
demo-011061,331,CASH_OUT,503.44,0.023373649923159535,11.767230317315436,low,306,0
demo-011546,346,CASH_OUT,426.92,0.02750517141339953,11.742507779808527,low,307,0
demo-011314,338,PAYMENT,333.03,0.0351930964833956,11.720356921865235,low,308,0
demo-011922,358,TRANSFER,183.72,0.0634873451578381,11.663895052398017,low,309,0
demo-011480,344,DEBIT,953.56,0.012160669672651352,11.595928173053423,low,310,0
demo-010973,329,CASH_IN,878.53,0.013133982643502783,11.5385977717965,low,311,0
demo-011191,335,PAYMENT,369.11,0.031178198815199322,11.508184964678222,low,312,0
demo-011261,337,CASH_OUT,340.55,0.03367776541090217,11.468963010682735,low,313,0
demo-010442,311,CASH_OUT,298.89,0.03816305236417731,11.406554721128956,low,314,0
demo-011419,342,PAYMENT,995.96,0.011417377970725772,11.37125176372404,low,315,0
demo-011288,337,DEBIT,330.02,0.03443257911996016,11.36343976116925,low,316,0
demo-011134,333,CASH_OUT,267.96,0.04227908081391028,11.329102494895398,low,317,0
demo-011773,353,CASH_OUT,331.76,0.033817250031468266,11.21921087043991,low,318,0
demo-011644,349,CASH_OUT,273.48,0.04062497178722821,11.11011728437117,low,319,1
demo-010789,322,CASH_OUT,475.49,0.02336544725088736,11.110036513324431,low,320,0
demo-010788,322,PAYMENT,412.16,0.026765472101775656,11.031656981467854,low,321,0
demo-011471,344,CASH_OUT,422.25,0.026109101254054037,11.024568004524317,low,322,0
demo-011989,359,TRANSFER,281.02,0.03915825039908891,11.004251527151967,low,323,0
demo-011833,355,CASH_OUT,414.38,0.02651362684375327,10.98671669151448,low,324,0
demo-010726,320,TRANSFER,230.18,0.04757577222756752,10.950991251341494,low,325,0
demo-011200,335,TRANSFER,409.89,0.026449481314146178,10.841377895855377,low,326,0
demo-011434,343,CASH_OUT,162.66,0.06653516822666986,10.822610463750118,low,327,0
demo-011527,345,TRANSFER,222.86,0.04826858258524304,10.757136314947264,low,328,0
demo-011583,347,CASH_OUT,145.33,0.07389227304848814,10.738764042136783,low,329,0
demo-010499,313,CASH_OUT,326.07,0.03216284903972752,10.487340186383951,low,330,0
demo-010526,314,CASH_OUT,235.8,0.044306869481482054,10.447559823733469,low,331,0
demo-010804,323,CASH_OUT,226.29,0.04575402719311788,10.353678813530644,low,332,0
demo-010830,324,CASH_OUT,257.55,0.04019525868354041,10.352288873945833,low,333,0
demo-011840,355,CASH_IN,509.88,0.0202071515577958,10.303222436288921,low,334,0
demo-011966,359,TRANSFER,228.26,0.04510307487747698,10.295227871532894,low,335,0
demo-011864,356,TRANSFER,227.48,0.04513220022308711,10.266672906747855,low,336,0
demo-011607,348,CASH_OUT,222.94,0.04603880682610751,10.263891593812408,low,337,0
demo-011493,345,CASH_IN,479.89,0.02110483906151078,10.128001217228407,low,338,0
demo-011803,354,PAYMENT,552.9,0.01828971311839954,10.112382383163105,low,339,0
demo-011662,350,CASH_OUT,208.01,0.04861077848411557,10.111528032480878,low,340,0
demo-010513,313,PAYMENT,333.28,0.0293053444075772,9.76688518415733,low,341,0
demo-011530,345,PAYMENT,532.21,0.018125741658611458,9.646700968129604,low,342,0
demo-010270,306,TRANSFER,317.83,0.030269676530638952,9.620611291732978,low,343,0
demo-010807,323,CASH_IN,249.6,0.03837379989627638,9.578100454110585,low,344,0
demo-011968,359,CASH_OUT,360.6,0.026471120103111725,9.545485909182089,low,345,0
demo-011780,354,CASH_OUT,99.14,0.09621699271659978,9.538952657923703,low,346,0
demo-011383,341,PAYMENT,508.46,0.018683972878366702,9.500052849734333,low,347,0
demo-011373,340,PAYMENT,276.82,0.034057230864693075,9.427722647964337,low,348,0
demo-010972,329,TRANSFER,185.43,0.050623699882428444,9.387152669198707,low,349,0
demo-011038,330,CASH_OUT,241.65,0.03869549299057121,9.350765881171533,low,350,0
demo-010570,315,PAYMENT,419.68,0.022175026946807428,9.306415309036142,low,351,0
demo-010406,310,CASH_OUT,353.18,0.026212324562231243,9.25766878888883,low,352,0
demo-011872,356,CASH_OUT,324.6,0.02839701082181856,9.217669712762305,low,353,0
demo-010409,310,PAYMENT,616.53,0.01483041043716619,9.14339294682607,low,354,0
demo-011680,350,TRANSFER,188.48,0.04793126678392591,9.034085163434355,low,355,0
demo-010613,316,PAYMENT,277.38,0.03244252496134958,8.998907573779146,low,356,0
demo-011430,342,CASH_OUT,316.75,0.028266070564667227,8.953277851358344,low,357,0
demo-011973,359,TRANSFER,315.84,0.028187546561107828,8.902754705860296,low,358,0
demo-011012,330,TRANSFER,159.62,0.05496349852110817,8.773273633939286,low,359,0
demo-010747,320,TRANSFER,570.41,0.015281881255021938,8.716937886677064,low,360,0
demo-011854,356,PAYMENT,547.69,0.01587614343501134,8.695204997921362,low,361,0
demo-011870,356,TRANSFER,176.6,0.049189444919651916,8.686855972810529,low,362,0
demo-011638,349,TRANSFER,134.74,0.06319723766078239,8.51519580241382,low,363,0
demo-011034,330,DEBIT,566.69,0.015018892764340742,8.511056340624256,low,364,0
demo-011532,345,CASH_OUT,302.09,0.027765145646934303,8.387572848482383,low,365,0
demo-011853,356,CASH_OUT,252.9,0.03306615103907725,8.362429597782636,low,366,0
demo-011796,354,TRANSFER,333.22,0.024728409610138686,8.240000650290414,low,367,0
demo-011303,337,PAYMENT,50.64,0.16186911058148015,8.197051759846156,guarded,368,1
demo-011752,353,TRANSFER,116.56,0.06909044240125135,8.053181966289857,low,369,0
demo-011138,333,PAYMENT,519.31,0.015504227446837627,8.051500355417247,low,370,0
demo-010326,307,PAYMENT,531.72,0.015136360328888267,8.04830551407647,low,371,0
demo-010793,322,PAYMENT,463.53,0.017277657637892456,8.00871264489229,low,372,0
demo-010537,314,TRANSFER,105.88,0.0751051285631202,7.952131012263166,low,373,0
demo-011624,349,TRANSFER,271.37,0.028946677027170332,7.855259744863213,low,374,0
demo-010331,308,PAYMENT,496.57,0.015798065722889113,7.844845496015047,low,375,0
demo-011893,357,CASH_OUT,299.9,0.02603970417410867,7.809307281815189,low,376,0
demo-011166,334,CASH_OUT,211.35,0.036922773887325844,7.803628261086317,low,377,0
demo-011955,358,CASH_OUT,261.07,0.029669642917125764,7.745853676374023,low,378,0
demo-011571,347,CASH_OUT,182.09,0.04237814095563632,7.716635686611818,low,379,0
demo-011852,356,CASH_OUT,216.55,0.0354236820340307,7.670998344469348,low,380,0
demo-010372,309,TRANSFER,165.4,0.04616212533045428,7.635215529657138,low,381,0
demo-010413,310,TRANSFER,164.75,0.046161695526543194,7.605139337997991,low,382,0
demo-010956,328,CASH_OUT,266.11,0.02854363197886095,7.595745905894688,low,383,0
demo-011848,356,CASH_IN,681.42,0.01107009502331771,7.543384150789153,low,384,1
demo-010756,321,CASH_OUT,257.37,0.02925898550516764,7.530385099464996,low,385,0
demo-011026,330,TRANSFER,277.97,0.026991363882816838,7.502789418506597,low,386,0
demo-011375,340,PAYMENT,328.76,0.02245457085891133,7.382164715575689,low,387,0
demo-010478,312,PAYMENT,363.57,0.02000677274912602,7.273862368399747,low,388,0
demo-010600,316,CASH_OUT,220.49,0.0329592381121664,7.267182411351571,low,389,0
demo-011137,333,CASH_OUT,378.39,0.01912152572355821,7.235394118537191,low,390,0
demo-010540,314,TRANSFER,125.68,0.05742132979399369,7.216712728509127,low,391,0
demo-010596,316,CASH_OUT,249.86,0.028817601862819026,7.200366001443962,low,392,0
demo-010522,314,PAYMENT,273.08,0.026304920202484573,7.183347608894487,low,393,0
demo-011927,358,TRANSFER,204.09,0.0347486048283792,7.091842759423911,low,394,0
demo-010510,313,CASH_OUT,457.86,0.01548720236815992,7.090970476285701,low,395,0
demo-011933,358,TRANSFER,314.58,0.022501928099247084,7.0786565414611475,low,396,0
demo-011094,332,TRANSFER,191.22,0.03669046332667526,7.015950397326844,low,397,0
demo-011878,356,CASH_OUT,265.57,0.02639035199220626,7.008485778570217,low,398,0
demo-010566,315,CASH_OUT,143.27,0.04890133690932036,7.006094538998329,low,399,1
demo-011123,333,TRANSFER,215.05,0.032578863681409685,7.006084634687153,low,400,0
demo-011952,358,CASH_IN,258.75,0.027029948000639445,6.993999045165457,low,401,0
demo-010687,318,CASH_OUT,304.3,0.022616064083732804,6.882068300679893,low,402,0
demo-010417,310,PAYMENT,492.82,0.013953300956268583,6.876465777268283,low,403,0
demo-011628,349,TRANSFER,103.65,0.06618245342946116,6.85981129796365,low,404,0
demo-011867,356,CASH_OUT,218.55,0.03125325275613355,6.830398389852987,low,405,0
demo-010515,313,PAYMENT,193.95,0.0351759143614393,6.822368590401151,low,406,0
demo-011006,329,PAYMENT,485.88,0.01403964800196714,6.821584171195794,low,407,0
demo-011521,345,PAYMENT,410.25,0.01653418294404243,6.783148552793406,low,408,0
demo-010332,308,TRANSFER,166.55,0.040435094320098605,6.734464959012423,low,409,0
demo-011127,333,PAYMENT,475.13,0.014162193595370687,6.728883042968475,low,410,0
demo-010924,327,PAYMENT,567.03,0.011843627029752939,6.7156918346808085,low,411,0
demo-011066,331,CASH_OUT,224.65,0.029486284881048343,6.62409389852751,low,412,0
demo-010581,315,TRANSFER,123.99,0.05323392331505936,6.60047415183421,low,413,0
demo-010900,326,CASH_OUT,213.29,0.030838845328737048,6.577617320166325,low,414,0
demo-010431,311,CASH_OUT,420.05,0.015602067205919373,6.553648329846433,low,415,0
demo-011618,348,TRANSFER,219.36,0.02976423277716113,6.529082101998066,low,416,0
demo-010862,325,CASH_IN,340.8,0.019149565606079815,6.526171958552001,low,417,0
demo-010483,312,CASH_OUT,155.99,0.04169082445322581,6.5033517064586945,low,418,0
demo-011701,351,TRANSFER,115.01,0.05596445888356271,6.436472416198548,low,419,0
demo-011298,337,CASH_OUT,134.34,0.047891061212522595,6.433685163290286,low,420,0
demo-011792,354,CASH_OUT,246.27,0.02611227081520476,6.430668933660477,low,421,0
demo-011673,350,CASH_OUT,273.23,0.02326669116476936,6.357158026949933,low,422,0
demo-010337,308,TRANSFER,237.95,0.02620118852588081,6.234572809733339,low,423,0
demo-011845,356,DEBIT,628.33,0.009899860976888582,6.220379647608403,low,424,0
demo-010486,312,PAYMENT,257.85,0.024109201227601764,6.216557536537115,low,425,0
demo-010819,323,PAYMENT,366.18,0.016937665615786357,6.202234395188649,low,426,0
demo-010846,324,CASH_OUT,148.74,0.04163056408950559,6.192130102673062,low,427,0
demo-010593,316,CASH_OUT,280.51,0.021967415688018226,6.162079774645992,low,428,0
demo-011561,346,PAYMENT,228.59,0.02690701559947627,6.15067469588428,low,429,0
demo-011986,359,CASH_IN,575.99,0.010635943616218464,6.126197163505673,low,430,0
demo-011407,341,CASH_OUT,265.69,0.022946462857402296,6.0966457165832155,low,431,0
demo-010531,314,CASH_OUT,167.22,0.036371071046238504,6.081970500352003,low,432,0
demo-010518,314,PAYMENT,41.01,0.14651014742629176,6.0083811459522245,guarded,433,0
demo-011948,358,CASH_OUT,198.01,0.03022087497557945,5.984035453914486,low,434,0
demo-010426,310,CASH_OUT,162.73,0.036537307282202613,5.945716014032831,low,435,0
demo-011998,359,PAYMENT,402.26,0.014745104465272132,5.9313657222003675,low,436,0
demo-010420,310,TRANSFER,196.4,0.0301852495799466,5.928383017501512,low,437,0
demo-011232,336,PAYMENT,230.1,0.025727484449144248,5.9198941717480915,low,438,0
demo-010763,321,CASH_IN,535.02,0.010974513478133118,5.871584201070781,low,439,0
demo-010746,320,CASH_IN,471.45,0.012401079453304471,5.846488908260393,low,440,0
demo-011737,352,PAYMENT,370.6,0.015716904619714787,5.824684852066301,low,441,0
demo-010470,312,DEBIT,350.95,0.016478817603164126,5.78324103783045,low,442,0
demo-010587,316,TRANSFER,108.9,0.05285900488416476,5.756345631885543,low,443,0
demo-011400,341,PAYMENT,253.02,0.022720227963291293,5.748672079271963,low,444,0
demo-010917,327,CASH_OUT,97.51,0.05845028965809993,5.699487744561325,low,445,0
demo-011004,329,PAYMENT,341.63,0.016660625837100294,5.691769604728573,low,446,0
demo-011125,333,TRANSFER,125.68,0.04505759895427526,5.662839036573315,low,447,0
demo-011943,358,CASH_OUT,227.32,0.024813481531659163,5.640600621776761,low,448,0
demo-010553,315,TRANSFER,99.75,0.056472044546073207,5.633086443470803,low,449,1
demo-011098,332,TRANSFER,207.96,0.02705720096822072,5.626815513351181,low,450,0
demo-011554,346,CASH_OUT,235.33,0.02348741832502345,5.527294154427769,low,451,0
demo-011130,333,TRANSFER,94.19,0.05788186731051634,5.451893081977534,low,452,0
demo-010760,321,TRANSFER,126.89,0.042695285767179646,5.4176048109974255,low,453,0
demo-010654,317,CASH_IN,521.99,0.010373891846905424,5.415067805166163,low,454,0
demo-010670,318,TRANSFER,119.9,0.04512676362283801,5.410698958378278,low,455,0
demo-011602,348,CASH_OUT,307.62,0.01749946773785979,5.383186265520428,low,456,1
demo-011281,337,TRANSFER,96.63,0.055562714054000255,5.369025059038044,low,457,0
demo-010835,324,PAYMENT,361.52,0.014827446167577595,5.360418338502652,low,458,0
demo-011305,337,TRANSFER,63.53,0.08412191572641443,5.344265306099109,low,459,1
demo-010333,308,PAYMENT,554.81,0.009605660044971058,5.329316249550392,low,460,0
demo-011223,335,CASH_OUT,218.9,0.02409009612708081,5.273322042217989,low,461,1
demo-010839,324,TRANSFER,160.69,0.03268641035127612,5.25237927934656,low,462,0
demo-011246,336,CASH_IN,555.78,0.009389445644338726,5.218466100210577,low,463,0
demo-011482,344,CASH_OUT,168.87,0.0307771107272368,5.197330688508479,low,464,0
demo-010891,326,CASH_OUT,252.95,0.02049735063657673,5.184804843522084,low,465,0
demo-010474,312,PAYMENT,206.89,0.02497316025646488,5.1666971254600185,low,466,0
demo-011461,343,CASH_OUT,230.8,0.02228162454759636,5.14259894558524,low,467,0
demo-011366,340,TRANSFER,114.66,0.044746261340759166,5.130606325331446,low,468,0
demo-011279,337,CASH_IN,213.31,0.02397322197611941,5.113727979726032,low,469,0
demo-011104,332,CASH_IN,560.23,0.008992977894353573,5.038136005753702,low,470,0
demo-010982,329,CASH_OUT,179.16,0.028059363013285075,5.027115477460154,low,471,1
demo-011798,354,CASH_IN,188.29,0.02669868674665147,5.027095727527005,low,472,0
demo-011700,351,PAYMENT,252.8,0.019791602073040895,5.003317004064739,low,473,0
demo-011133,333,CASH_IN,223.17,0.022393705625627838,4.9976032844713645,low,474,0
demo-010848,324,CASH_OUT,317.35,0.015736517295331594,4.993983763673482,low,475,0
demo-011813,355,DEBIT,1025.36,0.004853980847937229,4.977077802240917,low,476,0
demo-011871,356,TRANSFER,119.53,0.04087265344008078,4.885508265692856,low,477,0
demo-011653,349,PAYMENT,329.31,0.014816488852576987,4.879217944042128,low,478,0
demo-011969,359,CASH_IN,318.94,0.015279079530819606,4.873109625559605,low,479,0
demo-011599,348,PAYMENT,294.76,0.016510884173927664,4.866748219106918,low,480,0
demo-011193,335,CASH_OUT,176.63,0.02746159661761396,4.850541810569154,low,481,0
demo-011743,352,TRANSFER,119.29,0.04037206509788209,4.815983645526355,low,482,0
demo-010697,319,CASH_OUT,136.31,0.035287281201415464,4.810009300564942,low,483,1
demo-010278,306,PAYMENT,403.97,0.011881172137493984,4.799637108383445,low,484,0
demo-011910,357,PAYMENT,266.97,0.017919378074646317,4.783936364588327,low,485,0
demo-011875,356,CASH_IN,252.31,0.01888951067307484,4.766012437923513,low,486,0
demo-011197,335,CASH_OUT,334.67,0.01420499237332286,4.753984797579962,low,487,0
demo-010524,314,PAYMENT,178.3,0.02663947674226896,4.7498187031465555,low,488,0
demo-011505,345,PAYMENT,326.71,0.014521130616952031,4.744198583864398,low,489,0
demo-010520,314,PAYMENT,458.72,0.01029902935925592,4.724370747677876,low,490,0
demo-010317,307,PAYMENT,479.27,0.00983920080259493,4.715633768659672,low,491,0
demo-011395,341,TRANSFER,96.58,0.04831577379697186,4.666337433311543,low,492,0
demo-010637,317,PAYMENT,368.8,0.012624049771466642,4.6557495557168975,low,493,0
demo-010963,328,TRANSFER,208.66,0.02229246754401575,4.651546277734326,low,494,0
demo-010324,307,CASH_OUT,230.34,0.02013409009112924,4.637686311590709,low,495,0
demo-010342,308,CASH_OUT,265.33,0.0174729539383405,4.636098868459884,low,496,0
demo-010527,314,CASH_IN,178.06,0.026026189808444747,4.634223357291671,low,497,0
demo-010665,318,CASH_OUT,239.72,0.019098179117565242,4.57821549806274,low,498,0
demo-011750,353,PAYMENT,440.05,0.010401822781026405,4.57732211479067,low,499,0
demo-011009,330,CASH_OUT,329.16,0.013902140875370667,4.576028690537009,low,500,0
demo-011841,355,DEBIT,480.78,0.009452680378315046,4.544659672286308,low,501,0
demo-011079,332,CASH_OUT,351.27,0.01288688382633219,4.5267756816757085,low,502,0
demo-011301,337,DEBIT,327.82,0.0137882312701206,4.520057974970935,low,503,0
demo-011892,357,TRANSFER,271.38,0.016641667407359076,4.516215701009106,low,504,0
demo-011740,352,CASH_OUT,300.05,0.015043913761848167,4.513926324242543,low,505,0
demo-011514,345,PAYMENT,353.59,0.012721641204447036,4.4982451134804275,low,506,0
demo-011360,340,TRANSFER,226.66,0.01977471928199795,4.482137872457655,low,507,0
demo-011757,353,TRANSFER,179.34,0.024968448958050796,4.47784163613683,low,508,0
demo-010631,317,CASH_OUT,198.99,0.022376285204080738,4.452656992760026,low,509,0
demo-011270,337,CASH_IN,306.4,0.01439690000030754,4.41121016009423,low,510,0
demo-011050,331,PAYMENT,359.08,0.012250263233746794,4.398824521973799,low,511,0
demo-011238,336,CASH_OUT,101.91,0.043107194688765664,4.3930542107321084,low,512,0
demo-010818,323,TRANSFER,89.21,0.049179346307237595,4.387289484068665,low,513,0
demo-011464,343,PAYMENT,295.32,0.014856041011853399,4.387286031620546,low,514,0
demo-011272,337,PAYMENT,175.42,0.024911177318435465,4.369918725199949,low,515,0
demo-011687,350,CASH_OUT,160.19,0.026962522154355906,4.3191264239062725,low,516,0
demo-011802,354,DEBIT,458.82,0.009404169571383554,4.314821082742202,low,517,0
demo-011606,348,PAYMENT,136.27,0.031545344347102544,4.298684074179664,low,518,0
demo-010509,313,CASH_OUT,91.21,0.04681630341229452,4.270115034235383,low,519,0
demo-011017,330,PAYMENT,446.94,0.009503198443764137,4.247359512455944,low,520,0
demo-011926,358,DEBIT,511.73,0.008208521962771732,4.2005469440091785,low,521,0
demo-010767,321,PAYMENT,275.26,0.015132356292935894,4.165332393193534,low,522,0
demo-010742,320,TRANSFER,94.42,0.04407758904046184,4.161805957200407,low,523,0
demo-010870,325,TRANSFER,105.56,0.038939393963918566,4.110442426831244,low,524,0
demo-011545,346,CASH_OUT,116.59,0.035109574166449,4.093425252066289,low,525,0
demo-011907,357,PAYMENT,130.13,0.03141451888064345,4.087971341938132,low,526,0
demo-011341,339,DEBIT,340.46,0.011992099497170106,4.082830194806534,low,527,0
demo-011064,331,TRANSFER,232.72,0.01744252170198056,4.059223650484916,low,528,0
demo-011563,346,PAYMENT,393.27,0.010319538101107216,4.058364749022434,low,529,0
demo-010833,324,PAYMENT,197.17,0.02052466272647907,4.046847749779878,low,530,0
demo-010256,306,PAYMENT,287.49,0.01402706837932834,4.032641888373105,low,531,0
demo-010457,311,TRANSFER,118.5,0.03402798234284469,4.032315907627096,low,532,0
demo-010655,317,PAYMENT,264.48,0.01518744394650429,4.016775174971455,low,533,0
demo-011691,351,CASH_IN,469.14,0.008518462971593541,3.996351718493394,low,534,0
demo-010440,311,CASH_OUT,136.19,0.029030057919966955,3.9536035881202993,low,535,0
demo-011781,354,TRANSFER,95.99,0.04111819693011481,3.94693572332172,low,536,0
demo-011159,334,PAYMENT,258.78,0.015240141174549015,3.9438437331497935,low,537,0
demo-011257,336,CASH_OUT,103.25,0.037905886666028,3.913782798267391,low,538,0
demo-010265,306,CASH_OUT,282.65,0.013841389113943685,3.912268633056182,low,539,1
demo-011919,358,CASH_OUT,230.89,0.016935443653670956,3.9102245851960866,low,540,0
demo-011271,337,PAYMENT,85.29,0.045679572423189166,3.896010731973804,low,541,0
demo-010919,327,CASH_OUT,202.3,0.019203168606511643,3.8848010090973055,low,542,0
demo-011525,345,DEBIT,393.54,0.009808791214303506,3.8601516944770022,low,543,0
demo-011692,351,TRANSFER,164.61,0.02324637123156225,3.8265851684274623,low,544,0
demo-011033,330,PAYMENT,302.56,0.012546732554262134,3.7961394016175514,low,545,0
demo-011203,335,CASH_OUT,176.7,0.02140300619280002,3.7819111942677637,low,546,0
demo-010389,309,PAYMENT,291.41,0.01285048050850429,3.7447585249832356,low,547,0
demo-011457,343,PAYMENT,376.66,0.00983622672352118,3.704913157681488,low,548,0
demo-011603,348,CASH_OUT,191.1,0.019345231138782278,3.6968736706212932,low,549,0
demo-010312,307,TRANSFER,162.74,0.022578484203759644,3.6744225193198448,low,550,0
demo-010706,319,CASH_OUT,174.42,0.021059079233885822,3.673124599974365,low,551,0
demo-011584,347,CASH_OUT,148.42,0.024731762117987936,3.6706881335517694,low,552,0
demo-011317,338,CASH_OUT,137.63,0.026501830499934338,3.6474469317059626,low,553,0
demo-011568,346,CASH_OUT,130.47,0.027927853269354305,3.6437470160526564,low,554,0
demo-011339,339,CASH_OUT,163.55,0.0222746349580323,3.643016547386183,low,555,0
demo-011945,358,PAYMENT,386.53,0.009411306074246333,3.6377521368784347,low,556,0
demo-010932,327,CASH_OUT,94.12,0.03846032048674631,3.619885364212563,low,557,0
demo-010551,315,PAYMENT,111.26,0.032461201384603254,3.611633266050958,low,558,0
demo-010471,312,PAYMENT,62.44,0.057823574312409205,3.610503980066831,low,559,0
demo-011541,346,CASH_OUT,129.9,0.02768784165553981,3.596650631054622,low,560,0
demo-010806,323,PAYMENT,179.56,0.01995503025706235,3.5831252329581154,low,561,0
demo-011791,354,CASH_IN,370.44,0.009663743078695872,3.579836986072099,low,562,0
demo-011267,337,CASH_OUT,85.51,0.04179611078945147,3.573985433605995,low,563,0
demo-011880,356,PAYMENT,250.8,0.014226963107896362,3.568122347460408,low,564,0
demo-011157,334,TRANSFER,113.37,0.031284198050769416,3.5466895330157286,low,565,0
demo-011378,340,PAYMENT,172.81,0.020415858214899756,3.528064458116827,low,566,0
demo-011866,356,CASH_OUT,175.1,0.020055876297334057,3.5117839396631934,low,567,1
demo-010502,313,CASH_OUT,146.42,0.023928358476962543,3.503590248196855,low,568,0
demo-010408,310,PAYMENT,376.0,0.009284329208183258,3.490907782276905,low,569,0
demo-011789,354,CASH_OUT,202.89,0.01720499389144562,3.4907212106354018,low,570,0
demo-010724,320,PAYMENT,596.98,0.005823268938808354,3.4763750910898117,low,571,0
demo-010271,306,TRANSFER,94.97,0.03658921887744164,3.4748781167906326,low,572,0
demo-011397,341,PAYMENT,163.16,0.02128269557504306,3.4724846100240256,low,573,0
demo-010874,325,PAYMENT,297.65,0.011647908124638548,3.4669998532986637,low,574,0
demo-010475,312,PAYMENT,287.95,0.012012214850613075,3.458917266234035,low,575,0
demo-011555,346,CASH_IN,144.77,0.02387079008241125,3.4557742802306772,low,576,0
demo-010592,316,CASH_OUT,204.5,0.016807150404633736,3.437062257747599,low,577,0
demo-010319,307,CASH_OUT,130.74,0.026247276008363667,3.431568865333466,low,578,1
demo-010465,312,PAYMENT,239.98,0.014260858765125105,3.4223208864547225,low,579,0
demo-011325,338,PAYMENT,149.83,0.02283814403206344,3.4218391203240657,low,580,0
demo-010282,306,CASH_OUT,106.49,0.03209756215290389,3.418069393662735,low,581,0
demo-011886,357,PAYMENT,468.37,0.007290151136009081,3.414488087572573,low,582,0
demo-010764,321,TRANSFER,45.79,0.0744625931919814,3.4096421422608283,low,583,0
demo-011214,335,CASH_OUT,185.02,0.018422442053754078,3.4085202287855796,low,584,0
demo-010539,314,CASH_IN,145.54,0.02338434669471044,3.403357817948157,low,585,0
demo-011842,356,PAYMENT,266.95,0.012745144760388127,3.4023163937856102,low,586,0
demo-011120,333,CASH_OUT,85.9,0.039551155997598446,3.397444300193707,low,587,0
demo-010773,321,CASH_OUT,175.0,0.01940116048562035,3.395203084983561,low,588,0
demo-010978,329,TRANSFER,113.98,0.029690532837010942,3.3841269327625074,low,589,0
demo-010827,323,CASH_IN,426.57,0.007925041222667826,3.3805848343534146,low,590,0
demo-010965,328,PAYMENT,226.59,0.014864726044408907,3.3681982744026144,low,591,0
demo-011008,330,PAYMENT,417.26,0.008031510969037616,3.3512282669406357,low,592,0
demo-011046,331,CASH_IN,441.96,0.007581233102988252,3.3506017821966876,low,593,0
demo-010348,308,TRANSFER,154.62,0.021536361302883097,3.3299521846517846,low,594,0
demo-011421,342,PAYMENT,350.85,0.009390413936648247,3.2946267296730376,low,595,0
demo-011548,346,PAYMENT,223.19,0.014731721396074194,3.2879728983897993,low,596,0
demo-011390,341,PAYMENT,274.13,0.011940215811143837,3.2731713603088597,low,597,0
demo-011449,343,CASH_OUT,266.71,0.012272150395143944,3.273105231888841,low,598,0
demo-011596,348,CASH_IN,275.6,0.011749463186775026,3.2381520542751976,low,599,0
demo-011540,346,TRANSFER,141.01,0.022896910656805092,3.2286933717160857,low,600,0
demo-011362,340,CASH_OUT,118.63,0.027170870690989998,3.2232803900721434,low,601,0
demo-010693,319,CASH_OUT,408.87,0.007834270073814922,3.2031980050807074,low,602,0
demo-011869,356,PAYMENT,403.41,0.007871965965690954,3.175629790219388,low,603,0
demo-010661,318,TRANSFER,122.22,0.02591774962883175,3.1676673596358165,low,604,0
demo-010343,308,CASH_IN,303.38,0.010400212745849822,3.1552165428359187,low,605,0
demo-010434,311,CASH_OUT,174.24,0.018081120300379807,3.1504544011381777,low,606,0
demo-011463,343,CASH_OUT,308.05,0.010165073992822802,3.1313510434890643,low,607,0
demo-011491,345,PAYMENT,199.96,0.015573429814923167,3.1140630257920368,low,608,0
demo-010541,314,PAYMENT,144.79,0.021500296497784982,3.1130279299142876,low,609,0
demo-010799,322,PAYMENT,265.42,0.011707912906834489,3.1075142437320102,low,610,0
demo-010908,327,PAYMENT,222.64,0.0138590066300485,3.0855692361139977,low,611,0
demo-010344,308,PAYMENT,258.49,0.01185899986554793,3.0654328752454845,low,612,0
demo-010267,306,CASH_OUT,132.75,0.023076641926905013,3.0634242157966405,low,613,0
demo-011369,340,CASH_OUT,82.68,0.03687978215849315,3.0492203888642138,low,614,0
demo-011427,342,CASH_IN,292.72,0.010395074513766587,3.042846211669756,low,615,0
demo-011393,341,CASH_IN,397.23,0.0076452141356248594,3.036908411094263,low,616,0
demo-011997,359,PAYMENT,171.76,0.01767814164474236,3.036397608900948,low,617,0
demo-011487,345,CASH_OUT,125.45,0.024082310240969813,3.021125819729663,low,618,0
demo-011826,355,CASH_OUT,134.0,0.022394534056335114,3.0008675635489053,low,619,0
demo-011564,346,PAYMENT,147.14,0.020355276206735502,2.9950753410590614,low,620,0
demo-010545,314,PAYMENT,96.77,0.030904142770023277,2.9905938958551523,low,621,0
demo-010784,322,PAYMENT,105.72,0.028157443570719823,2.9768049342964997,low,622,0
demo-011779,354,CASH_OUT,170.9,0.017364595874716688,2.967609434989082,low,623,0
demo-010279,306,CASH_IN,231.97,0.012759010046444362,2.9597075604736984,low,624,0
demo-011977,359,TRANSFER,147.32,0.01993226774093583,2.9364216835946664,low,625,0
demo-010252,306,PAYMENT,285.19,0.010291738800824325,2.9351009886070893,low,626,0
demo-011490,345,PAYMENT,167.8,0.01743900677404371,2.926265336684535,low,627,0
demo-010675,318,TRANSFER,87.9,0.03300515921740315,2.901153495209737,low,628,0
demo-011231,336,TRANSFER,57.26,0.050341536288867464,2.882556367900551,low,629,0
demo-011112,332,CASH_IN,211.69,0.01360964223219609,2.8810251641335904,low,630,0
demo-011411,341,TRANSFER,156.58,0.018378330255962583,2.8776789514786216,low,631,0
demo-011321,338,PAYMENT,190.11,0.015127478283170261,2.8758848964134986,low,632,0
demo-011512,345,PAYMENT,243.35,0.01180174704857372,2.8719551442704145,low,633,0
demo-011083,332,TRANSFER,143.82,0.019934152744419797,2.866929847702455,low,634,0
demo-011991,359,CASH_OUT,102.12,0.02803309960060553,2.8627401312138367,low,635,0
demo-011458,343,PAYMENT,286.59,0.009959310279395658,2.8542387329720014,low,636,0
demo-011504,345,CASH_OUT,179.04,0.015941586323345972,2.854181615331863,low,637,0
demo-010646,317,PAYMENT,176.78,0.01612840347686084,2.8511791666394593,low,638,0
demo-011994,359,CASH_OUT,93.29,0.030545987825937843,2.8496352042817414,low,639,1
demo-010822,323,PAYMENT,164.31,0.017336193160460506,2.8485098981952657,low,640,0
demo-011581,347,TRANSFER,92.69,0.03065648562327695,2.8415496524215405,low,641,0
demo-011163,334,CASH_IN,161.73,0.01749219414764146,2.8290125594980533,low,642,0
demo-010261,306,TRANSFER,133.9,0.0210747226342903,2.8219053607314715,low,643,0
demo-010699,319,TRANSFER,77.51,0.03590449276680477,2.7829572343550377,low,644,0
demo-011278,337,CASH_OUT,234.67,0.011845575865489908,2.7798012883545167,low,645,0
demo-010916,327,CASH_OUT,249.59,0.011127752044740905,2.7773756328468826,low,646,0
demo-011265,337,PAYMENT,124.23,0.022161170399800843,2.7530821987672587,low,647,0
demo-011417,342,PAYMENT,290.52,0.00929379497325513,2.70003331563008,low,648,0
demo-011446,343,CASH_OUT,99.42,0.02709003390772706,2.693291171106224,low,649,0
demo-011659,349,CASH_IN,150.78,0.017844553189295075,2.6906017298819114,low,650,0
demo-011921,358,TRANSFER,161.26,0.016663740417413715,2.6871947797121356,low,651,0
demo-010931,327,CASH_IN,217.8,0.012327800727977687,2.6849949985535404,low,652,0
demo-010758,321,PAYMENT,171.28,0.01566301774756089,2.6827616798022293,low,653,0
demo-011087,332,CASH_OUT,101.88,0.026299647979418212,2.6794081361431275,low,654,0
demo-010867,325,PAYMENT,209.26,0.012746024740972865,2.6672331372959817,low,655,0
demo-011114,332,CASH_OUT,138.41,0.01919738759382913,2.65711041686189,low,656,0
demo-011894,357,CASH_OUT,130.52,0.02033466782442398,2.6540808444438184,low,657,0
demo-010816,323,TRANSFER,220.61,0.012022363378518417,2.6522535849349484,low,658,0
demo-010717,319,CASH_OUT,172.32,0.015380061037343237,2.6502921179549865,low,659,0
demo-011944,358,PAYMENT,290.8,0.009101859357967153,2.646820701296848,low,660,0
demo-010876,325,PAYMENT,135.65,0.019451562396412398,2.638604439073342,low,661,0
demo-010546,314,CASH_OUT,108.26,0.024335110788896736,2.634519094005961,low,662,1
demo-011027,330,CASH_OUT,303.67,0.008670498620769176,2.6329703161689757,low,663,0
demo-010678,318,TRANSFER,70.67,0.037141359779895425,2.6247798956452097,low,664,0
demo-011999,359,CASH_OUT,130.25,0.02013474874937986,2.622551024606727,low,665,0
demo-010363,309,PAYMENT,272.09,0.009630580427389986,2.6203846284885413,low,666,0
demo-011212,335,PAYMENT,424.07,0.006174542264823523,2.6184381382437114,low,667,0
demo-010557,315,PAYMENT,175.7,0.014884799620761465,2.615259293367789,low,668,0
demo-010574,315,TRANSFER,57.12,0.04567794803983903,2.6091243920356053,low,669,0
demo-011448,343,PAYMENT,248.92,0.010403821039298359,2.589719133102147,low,670,0
demo-011739,352,PAYMENT,415.16,0.006236277238174705,2.5890528582006107,low,671,0
demo-011831,355,CASH_OUT,139.15,0.018593237077734064,2.5872489393666953,low,672,0
demo-011213,335,TRANSFER,130.58,0.019807777373407318,2.586499569419528,low,673,0
demo-011851,356,PAYMENT,351.47,0.0073083295179048454,2.568658575658016,low,674,0
demo-011121,333,CASH_OUT,124.83,0.02052810119115817,2.5625228716922743,low,675,0
demo-010882,326,PAYMENT,165.71,0.015461366819558111,2.5621030956689745,low,676,0
demo-010586,316,PAYMENT,144.04,0.017764453211727996,2.5587918406173005,low,677,0
demo-011372,340,PAYMENT,221.73,0.011529889806979528,2.5565224669015705,low,678,0
demo-011732,352,PAYMENT,249.29,0.010247482781395418,2.5545949825740637,low,679,0
demo-010560,315,PAYMENT,157.12,0.016198262832705822,2.5450710562747387,low,680,0
demo-011511,345,CASH_OUT,98.87,0.025633705655099075,2.5344044781196455,low,681,0
demo-011895,357,TRANSFER,107.2,0.023408057344073138,2.5093437472846403,low,682,0
demo-011556,346,TRANSFER,76.16,0.032760122916276065,2.495010961303585,low,683,0
demo-011425,342,TRANSFER,84.69,0.029416275452463298,2.4912643680691167,low,684,0
demo-011929,358,PAYMENT,321.39,0.007584070544799504,2.4374444323931126,low,685,0
demo-011860,356,TRANSFER,85.07,0.028622138233609304,2.434885299533143,low,686,0
demo-010994,329,CASH_OUT,223.74,0.010759487126480782,2.4073276496788103,low,687,0
demo-010851,324,PAYMENT,182.75,0.013170179517886158,2.4068503068936953,low,688,0
demo-010639,317,DEBIT,133.94,0.0179545331522447,2.404830170411655,low,689,0
demo-010991,329,CASH_OUT,103.75,0.02312694457224675,2.3994204993706,low,690,0
demo-011029,330,PAYMENT,130.42,0.01834932272765141,2.3931186701402964,low,691,0
demo-010868,325,CASH_IN,468.91,0.005101381338357835,2.3920887233693726,low,692,0
demo-010575,315,CASH_OUT,81.57,0.029299643076328815,2.3899718857361414,low,693,0
demo-011896,357,TRANSFER,48.81,0.04850143445159624,2.3673550155824126,low,694,0
demo-011522,345,PAYMENT,160.6,0.014728447259531407,2.365388629880744,low,695,0
demo-011811,355,TRANSFER,70.84,0.033277586034929585,2.357384194714412,low,696,0
demo-011620,348,CASH_IN,183.91,0.012813756991180973,2.356578048248093,low,697,0
demo-010436,311,PAYMENT,273.42,0.008607315027059935,2.3534120746987277,low,698,0
demo-010345,308,CASH_IN,141.12,0.01656710638593606,2.3379500531832966,low,699,0
demo-011557,346,TRANSFER,68.0,0.03436018973832898,2.3364929022063707,low,700,0
demo-011650,349,CASH_IN,183.76,0.012684048318845925,2.330820719071127,low,701,0
demo-011269,337,PAYMENT,99.81,0.023341413083819564,2.3297064398960305,low,702,0
demo-010361,309,CASH_OUT,189.17,0.012287418716308484,2.3244109985640757,low,703,0
demo-011585,347,TRANSFER,54.72,0.042281253556935024,2.3136301946354845,low,704,0
demo-010869,325,PAYMENT,195.21,0.011845279263911235,2.312316965108112,low,705,0
demo-011963,359,TRANSFER,102.07,0.0226152562328849,2.3083392036905614,low,706,0
demo-010459,311,CASH_OUT,151.55,0.015230077550200234,2.3081182527328457,low,707,0
demo-011736,352,CASH_OUT,57.41,0.04019934007022166,2.3078441134314254,low,708,0
demo-011099,332,TRANSFER,90.55,0.025479752937774304,2.307191628515463,low,709,0
demo-010694,319,TRANSFER,144.66,0.015868109470459017,2.2954807159966015,low,710,0
demo-011825,355,TRANSFER,133.24,0.017181110558392984,2.2892111708002814,low,711,0
demo-011228,335,TRANSFER,220.02,0.010396931268650622,2.28753281772851,low,712,0
demo-010727,320,CASH_OUT,103.0,0.022115260998652183,2.277871882861175,low,713,0
demo-011536,346,PAYMENT,104.48,0.021790967969467022,2.2767203334499144,low,714,0
demo-011353,339,CASH_OUT,196.9,0.011517429889495525,2.2677819452416688,low,715,0
demo-010947,328,DEBIT,236.14,0.009579556909482631,2.2621165686052285,low,716,0
demo-011394,341,PAYMENT,129.37,0.0174436427672272,2.256684064796183,low,717,0
demo-011681,350,DEBIT,418.31,0.005394269164470981,2.256476734189856,low,718,0
demo-010751,321,PAYMENT,71.45,0.03155056049054759,2.2542875470496253,low,719,0
demo-010684,318,DEBIT,351.66,0.006389463066638011,2.2469185820139232,low,720,0
demo-011957,358,TRANSFER,144.85,0.015401362479126669,2.230887355101498,low,721,0
demo-010367,309,PAYMENT,168.0,0.013200203215253049,2.217634140162512,low,722,0
demo-010395,309,CASH_OUT,102.23,0.021570011224720135,2.2051022475031394,low,723,0
demo-011268,337,PAYMENT,126.56,0.017390876904793684,2.2009893810706886,low,724,0
demo-010491,312,CASH_IN,139.43,0.015769543722017075,2.198747481160841,low,725,0
demo-010644,317,PAYMENT,76.44,0.028727583279059676,2.1959364658513216,low,726,0
demo-010568,315,TRANSFER,73.75,0.029763533658233178,2.195060607294697,low,727,0
demo-011696,351,DEBIT,182.02,0.012052367363218621,2.1937719074530535,low,728,0
demo-010960,328,TRANSFER,70.52,0.03107845189570617,2.1916524276851987,low,729,0
demo-011570,346,PAYMENT,144.81,0.015121832531084008,2.189792568826275,low,730,0
demo-010366,309,DEBIT,287.87,0.007595789808260018,2.1866000121038116,low,731,0
demo-011293,337,CASH_OUT,82.59,0.026464508919369377,2.1857037916507167,low,732,0
demo-010834,324,TRANSFER,75.82,0.028827115310766555,2.18567188286232,low,733,0
demo-011917,357,DEBIT,306.11,0.007100810660741912,2.1736291513597066,low,734,0
demo-010795,322,PAYMENT,173.99,0.012473041835699266,2.170184548993315,low,735,0
demo-011778,354,CASH_IN,205.78,0.01054341752896116,2.169624459109628,low,736,0
demo-011610,348,CASH_IN,192.76,0.011243808723781595,2.16735656959614,low,737,0
demo-011883,356,CASH_IN,197.32,0.010967610094442519,2.164128823835398,low,738,0
demo-010464,312,CASH_OUT,48.65,0.04431302932732202,2.1558288767742164,low,739,0
demo-011307,338,TRANSFER,65.81,0.03272290775464715,2.1534945593333292,low,740,1
demo-010445,311,PAYMENT,166.45,0.012890489588787557,2.1456219920536888,low,741,0
demo-010482,312,PAYMENT,51.23,0.041841830692569554,2.143556986380338,low,742,0
demo-011744,352,PAYMENT,243.97,0.008785619085196601,2.1434274882154147,low,743,0
demo-010860,325,PAYMENT,176.74,0.012098112052283136,2.1382203241205215,low,744,0
demo-011925,358,DEBIT,153.69,0.013894715801997817,2.1354788716090445,low,745,0
demo-010739,320,PAYMENT,284.16,0.007474569137231537,2.1239735660357137,low,746,0
demo-011759,353,CASH_IN,238.5,0.008892392648810386,2.120835646741277,low,747,0
demo-011302,337,PAYMENT,102.79,0.02062802822901059,2.1203550216599987,low,748,0
demo-011117,332,CASH_IN,172.55,0.012278473495341696,2.11865060162121,low,749,0
demo-010910,327,PAYMENT,254.13,0.008333762230632995,2.117858995670763,low,750,0
